epoch,val_auroc,val_accuracy,val_loss,val_sensitivity,val_specificity,step,val_precision,train_loss,unlabeled_data_utilization,test_auroc,test_specificity,test_sensitivity,test_accuracy,test_precision
0,0.7057502269744873,0.7157894968986511,0.5742610692977905,0.6190476417541504,0.792452871799469,26,0.7027027606964111,,,,,,,
0,,,,,,26,,0.630226731300354,0.006899544969201088,,,,,
1,0.724618136882782,0.7368420958518982,0.5135896801948547,0.6190476417541504,0.8301886916160583,53,0.7428570985794067,,,,,,,
1,,,,,,53,,0.550254225730896,0.04394666105508804,,,,,
2,0.7122641205787659,0.7368420958518982,0.5371226072311401,0.5,0.9245282411575317,80,0.8399999737739563,,,,,,,
2,,,,,,80,,0.5399830341339111,0.141861230134964,,,,,
3,0.7529200315475464,0.7684210538864136,0.4589385688304901,0.6190476417541504,0.8867924809455872,107,0.8125,,,,,,,
3,,,,,,107,,0.5379976034164429,0.24800868332386017,,,,,
4,0.7291104793548584,0.7473683953285217,0.48068326711654663,0.5714285969734192,0.8867924809455872,134,0.800000011920929,,,,,,,
4,,,,,,134,,0.5160506963729858,0.2747836410999298,,,,,
5,0.7053009867668152,0.7263157963752747,0.42541685700416565,0.523809552192688,0.8867924809455872,161,0.7857142686843872,,,,,,,
5,,,,,,161,,0.5138881206512451,0.32806962728500366,,,,,
6,0.7648246884346008,0.7789473533630371,0.46882811188697815,0.6428571343421936,0.8867924809455872,188,0.8181818127632141,,,,,,,
6,,,,,,188,,0.49043405055999756,0.30233320593833923,,,,,
7,0.7767295241355896,0.7894737124443054,0.44724559783935547,0.6666666865348816,0.8867924809455872,215,0.8235294818878174,,,,,,,
7,,,,,,215,,0.5041672587394714,0.3537989854812622,,,,,
8,0.7717880010604858,0.7894737124443054,0.44111543893814087,0.6190476417541504,0.9245282411575317,242,0.8666666746139526,,,,,,,
8,,,,,,242,,0.48351234197616577,0.35819000005722046,,,,,
9,0.7717880010604858,0.7894737124443054,0.4548887014389038,0.6190476417541504,0.9245282411575317,269,0.8666666746139526,,,,,,,
9,,,,,,269,,0.47732019424438477,0.373333215713501,,,,,
10,0.7340521812438965,0.7473683953285217,0.4225214421749115,0.6190476417541504,0.849056601524353,296,0.7647058367729187,,,,,,,
10,,,,,,296,,0.4815441966056824,0.3965364396572113,,,,,
11,0.7767295241355896,0.7894737124443054,0.46061739325523376,0.6666666865348816,0.8867924809455872,323,0.8235294818878174,,,,,,,
11,,,,,,323,,0.47137272357940674,0.40751907229423523,,,,,
12,0.7861635684967041,0.800000011920929,0.3588213324546814,0.6666666865348816,0.9056603908538818,350,0.8484848737716675,,,,,,,
12,,,,,,350,,0.4983120560646057,0.40009742975234985,,,,,
13,0.781221866607666,0.800000011920929,0.35753318667411804,0.6190476417541504,0.9433962106704712,377,0.8965517282485962,,,,,,,
13,,,,,,377,,0.4903753399848938,0.41297781467437744,,,,,
14,0.8119946122169495,0.8315789699554443,0.36205965280532837,0.6428571343421936,0.9811320900917053,404,0.9642857313156128,,,,,,,
14,,,,,,404,,0.48300403356552124,0.4497838020324707,,,,,
15,0.781221866607666,0.800000011920929,0.4360755383968353,0.6190476417541504,0.9433962106704712,431,0.8965517282485962,,,,,,,
15,,,,,,431,,0.47159790992736816,0.4412587285041809,,,,,
16,0.7911050915718079,0.800000011920929,0.40327584743499756,0.7142857313156128,0.8679245114326477,458,0.8108107447624207,,,,,,,
16,,,,,,458,,0.4559149742126465,0.45906394720077515,,,,,
17,0.7648246884346008,0.7789473533630371,0.42981526255607605,0.6428571343421936,0.8867924809455872,485,0.8181818127632141,,,,,,,
17,,,,,,485,,0.4803505539894104,0.46757036447525024,,,,,
18,0.7742587327957153,0.7894737124443054,0.38220322132110596,0.6428571343421936,0.9056603908538818,512,0.84375,,,,,,,
18,,,,,,512,,0.4685501754283905,0.4533669948577881,,,,,
19,0.7767295241355896,0.7894737124443054,0.3967217206954956,0.6666666865348816,0.8867924809455872,539,0.8235294818878174,,,,,,,
19,,,,,,539,,0.4470010995864868,0.45488613843917847,,,,,
20,0.8075022101402283,0.821052610874176,0.3694458305835724,0.6904761791229248,0.9245282411575317,566,0.8787878751754761,,,,,,,
20,,,,,,566,,0.4711555540561676,0.4808434247970581,,,,,
21,0.7836927175521851,0.800000011920929,0.38850533962249756,0.6428571343421936,0.9245282411575317,593,0.8709677457809448,,,,,,,
21,,,,,,593,,0.4613734185695648,0.47328969836235046,,,,,
22,0.8263701796531677,0.8421052694320679,0.3680114448070526,0.6904761791229248,0.9622642397880554,620,0.9354839324951172,,,,,,,
22,,,,,,620,,0.45129141211509705,0.431825190782547,,,,,
23,0.795597493648529,0.8105263113975525,0.3785487413406372,0.6666666865348816,0.9245282411575317,647,0.875,,,,,,,
23,,,,,,647,,0.4509381353855133,0.47350162267684937,,,,,
24,0.7717880010604858,0.7894737124443054,0.40904682874679565,0.6190476417541504,0.9245282411575317,674,0.8666666746139526,,,,,,,
24,,,,,,674,,0.4182068407535553,0.48078909516334534,,,,,
25,0.7886343002319336,0.800000011920929,0.3862796723842621,0.6904761791229248,0.8867924809455872,701,0.8285714387893677,,,,,,,
25,,,,,,701,,0.43757548928260803,0.5004886388778687,,,,,
26,0.7911050915718079,0.800000011920929,0.4513494670391083,0.7142857313156128,0.8679245114326477,728,0.8108107447624207,,,,,,,
26,,,,,,728,,0.464069664478302,0.4875986874103546,,,,,
27,0.7836927175521851,0.800000011920929,0.39524105191230774,0.6428571343421936,0.9245282411575317,755,0.8709677457809448,,,,,,,
27,,,,,,755,,0.43572238087654114,0.4864354431629181,,,,,
28,0.7861635684967041,0.800000011920929,0.3540404140949249,0.6666666865348816,0.9056603908538818,782,0.8484848737716675,,,,,,,
28,,,,,,782,,0.4170352816581726,0.5008083581924438,,,,,
29,0.8144654631614685,0.8315789699554443,0.37511274218559265,0.6666666865348816,0.9622642397880554,809,0.9333332777023315,,,,,,,
29,,,,,,809,,0.4201926589012146,0.5173216462135315,,,,,
30,0.7767295241355896,0.7894737124443054,0.41668450832366943,0.6666666865348816,0.8867924809455872,836,0.8235294818878174,,,,,,,
30,,,,,,836,,0.42998212575912476,0.5262912511825562,,,,,
31,0.8000898957252502,0.821052610874176,0.45070627331733704,0.6190476417541504,0.9811320900917053,863,0.9629629850387573,,,,,,,
31,,,,,,863,,0.4184242784976959,0.48297783732414246,,,,,
32,0.795597493648529,0.8105263113975525,0.3711084723472595,0.6666666865348816,0.9245282411575317,890,0.875,,,,,,,
32,,,,,,890,,0.42883437871932983,0.514640748500824,,,,,
33,0.7911050915718079,0.800000011920929,0.3381422460079193,0.7142857313156128,0.8679245114326477,917,0.8108107447624207,,,,,,,
33,,,,,,917,,0.41675591468811035,0.4910474121570587,,,,,
34,0.781221866607666,0.800000011920929,0.3665379583835602,0.6190476417541504,0.9433962106704712,944,0.8965517282485962,,,,,,,
34,,,,,,944,,0.40561211109161377,0.5124501585960388,,,,,
35,0.7836927175521851,0.800000011920929,0.40435001254081726,0.6428571343421936,0.9245282411575317,971,0.8709677457809448,,,,,,,
35,,,,,,971,,0.3820033371448517,0.5069323182106018,,,,,
36,0.7742587327957153,0.7894737124443054,0.4326751232147217,0.6428571343421936,0.9056603908538818,998,0.84375,,,,,,,
36,,,,,,998,,0.40017271041870117,0.5176851749420166,,,,,
37,0.7792003154754639,0.7894737124443054,0.426303505897522,0.6904761791229248,0.8679245114326477,1025,0.8055555820465088,,,,,,,
37,,,,,,1025,,0.3994503617286682,0.5147573947906494,,,,,
38,0.8144654631614685,0.8315789699554443,0.35401681065559387,0.6666666865348816,0.9622642397880554,1052,0.9333332777023315,,,,,,,
38,,,,,,1052,,0.3902989625930786,0.5378322601318359,,,,,
39,0.816936194896698,0.8315789699554443,0.3300226330757141,0.6904761791229248,0.9433962106704712,1079,0.90625,,,,,,,
39,,,,,,1079,,0.41187259554862976,0.5174973011016846,,,,,
40,0.7911050915718079,0.800000011920929,0.4027926027774811,0.7142857313156128,0.8679245114326477,1106,0.8108107447624207,,,,,,,
40,,,,,,1106,,0.3860163986682892,0.5175372958183289,,,,,
41,0.8050314784049988,0.821052610874176,0.4324818551540375,0.6666666865348816,0.9433962106704712,1133,0.9032257795333862,,,,,,,
41,,,,,,1133,,0.40217339992523193,0.5403450131416321,,,,,
42,0.7906559109687805,0.8105263113975525,0.3571530282497406,0.6190476417541504,0.9622642397880554,1160,0.9285714626312256,,,,,,,
42,,,,,,1160,,0.3987336754798889,0.5317043662071228,,,,,
43,0.7980683445930481,0.8105263113975525,0.4074178636074066,0.6904761791229248,0.9056603908538818,1187,0.8529411554336548,,,,,,,
43,,,,,,1187,,0.4082275629043579,0.5230021476745605,,,,,
44,0.8238993883132935,0.8421052694320679,0.3814792335033417,0.6666666865348816,0.9811320900917053,1214,0.9655172228813171,,,,,,,
44,,,,,,1214,,0.372865229845047,0.5330695509910583,,,,,
45,0.8095238208770752,0.8315789699554443,0.45657074451446533,0.6190476417541504,1.0,1241,1.0,,,,,,,
45,,,,,,1241,,0.38666510581970215,0.532784104347229,,,,,
46,0.796046793460846,0.800000011920929,0.441739946603775,0.761904776096344,0.8301886916160583,1268,0.7804877758026123,,,,,,,
46,,,,,,1268,,0.38718298077583313,0.5339512228965759,,,,,
47,0.816936194896698,0.8315789699554443,0.43957534432411194,0.6904761791229248,0.9433962106704712,1295,0.90625,,,,,,,
47,,,,,,1295,,0.4104255437850952,0.5434262156486511,,,,,
48,0.7836927175521851,0.800000011920929,0.43153494596481323,0.6428571343421936,0.9245282411575317,1322,0.8709677457809448,,,,,,,
48,,,,,,1322,,0.3630705773830414,0.5592080950737,,,,,
49,0.8238993883132935,0.8421052694320679,0.3722298741340637,0.6666666865348816,0.9811320900917053,1349,0.9655172228813171,,,,,,,
49,,,,,,1349,,0.40460658073425293,0.5665291547775269,,,,,
50,0.816936194896698,0.8315789699554443,0.5033494830131531,0.6904761791229248,0.9433962106704712,1376,0.90625,,,,,,,
50,,,,,,1376,,0.3965366780757904,0.5712401270866394,,,,,
51,0.8095238208770752,0.8315789699554443,0.4069514274597168,0.6190476417541504,1.0,1403,1.0,,,,,,,
51,,,,,,1403,,0.38948914408683777,0.5625872015953064,,,,,
52,0.7980683445930481,0.8105263113975525,0.39564386010169983,0.6904761791229248,0.9056603908538818,1430,0.8529411554336548,,,,,,,
52,,,,,,1430,,0.37198904156684875,0.5349078178405762,,,,,
53,0.8075022101402283,0.821052610874176,0.43821951746940613,0.6904761791229248,0.9245282411575317,1457,0.8787878751754761,,,,,,,
53,,,,,,1457,,0.38325902819633484,0.5659794807434082,,,,,
54,0.7533692717552185,0.75789475440979,0.4088359773159027,0.7142857313156128,0.792452871799469,1484,0.7317073345184326,,,,,,,
54,,,,,,1484,,0.39877772331237793,0.5795315504074097,,,,,
55,0.831311821937561,0.8421052694320679,0.38312649726867676,0.738095223903656,0.9245282411575317,1511,0.8857142925262451,,,,,,,
55,,,,,,1511,,0.38370242714881897,0.5543701648712158,,,,,
56,0.8263701796531677,0.8421052694320679,0.4264249801635742,0.6904761791229248,0.9622642397880554,1538,0.9354839324951172,,,,,,,
56,,,,,,1538,,0.36724400520324707,0.565838098526001,,,,,
57,0.8000898957252502,0.821052610874176,0.45109468698501587,0.6190476417541504,0.9811320900917053,1565,0.9629629850387573,,,,,,,
57,,,,,,1565,,0.35422074794769287,0.5517545938491821,,,,,
58,0.816936194896698,0.8315789699554443,0.3430009186267853,0.6904761791229248,0.9433962106704712,1592,0.90625,,,,,,,
58,,,,,,1592,,0.36887720227241516,0.5838671326637268,,,,,
59,0.8214285373687744,0.8421052694320679,0.4614318311214447,0.6428571343421936,1.0,1619,1.0,,,,,,,
59,,,,,,1619,,0.34793272614479065,0.5622879862785339,,,,,
60,0.8099730610847473,0.821052610874176,0.4095277786254883,0.7142857313156128,0.9056603908538818,1646,0.8571428656578064,,,,,,,
60,,,,,,1646,,0.37778037786483765,0.5591378808021545,,,,,
61,0.8075022101402283,0.821052610874176,0.4260752499103546,0.6904761791229248,0.9245282411575317,1673,0.8787878751754761,,,,,,,
61,,,,,,1673,,0.3614162504673004,0.5702542066574097,,,,,
62,0.7841419577598572,0.7894737124443054,0.41451793909072876,0.738095223903656,0.8301886916160583,1700,0.7749999761581421,,,,,,,
62,,,,,,1700,,0.3864748179912567,0.5767962336540222,,,,,
63,0.8382750153541565,0.8526315689086914,0.4015321135520935,0.7142857313156128,0.9622642397880554,1727,0.9375,,,,,,,
63,,,,,,1727,,0.3618822693824768,0.5644426941871643,,,,,
64,0.8075022101402283,0.821052610874176,0.39731207489967346,0.6904761791229248,0.9245282411575317,1754,0.8787878751754761,,,,,,,
64,,,,,,1754,,0.3417910635471344,0.5704493522644043,,,,,
65,0.8099730610847473,0.821052610874176,0.34518224000930786,0.7142857313156128,0.9056603908538818,1781,0.8571428656578064,,,,,,,
65,,,,,,1781,,0.38734838366508484,0.5800245404243469,,,,,
66,0.8358041644096375,0.8526315689086914,0.37571021914482117,0.6904761791229248,0.9811320900917053,1808,0.9666666388511658,,,,,,,
66,,,,,,1808,,0.33093181252479553,0.5673335790634155,,,,,
67,0.795597493648529,0.8105263113975525,0.4431034028530121,0.6666666865348816,0.9245282411575317,1835,0.875,,,,,,,
67,,,,,,1835,,0.35786646604537964,0.600094735622406,,,,,
68,0.828840970993042,0.8421052694320679,0.39687493443489075,0.7142857313156128,0.9433962106704712,1862,0.9090909361839294,,,,,,,
68,,,,,,1862,,0.3603595495223999,0.5978097319602966,,,,,
69,0.8501797318458557,0.8631578683853149,0.45218268036842346,0.738095223903656,0.9622642397880554,1889,0.939393937587738,,,,,,,
69,,,,,,1889,,0.34225645661354065,0.5885403752326965,,,,,
70,0.8596136569976807,0.8736842274665833,0.45071160793304443,0.738095223903656,0.9811320900917053,1916,0.96875,,,,,,,
70,,,,,,1916,,0.36383533477783203,0.5973876714706421,,,,,
71,0.8407456874847412,0.8526315689086914,0.4629558026790619,0.738095223903656,0.9433962106704712,1943,0.9117646813392639,,,,,,,
71,,,,,,1943,,0.3473595678806305,0.5879815816879272,,,,,
72,0.8358041644096375,0.8526315689086914,0.36968690156936646,0.6904761791229248,0.9811320900917053,1970,0.9666666388511658,,,,,,,
72,,,,,,1970,,0.34708350896835327,0.5774022340774536,,,,,
73,0.8149146437644958,0.821052610874176,0.41638198494911194,0.761904776096344,0.8679245114326477,1997,0.8205127716064453,,,,,,,
73,,,,,,1997,,0.348518431186676,0.5778974890708923,,,,,
74,0.8119946122169495,0.8315789699554443,0.45162302255630493,0.6428571343421936,0.9811320900917053,2024,0.9642857313156128,,,,,,,
74,,,,,,2024,,0.3538127839565277,0.5788148641586304,,,,,
75,0.8382750153541565,0.8526315689086914,0.42213425040245056,0.7142857313156128,0.9622642397880554,2051,0.9375,,,,,,,
75,,,,,,2051,,0.34638512134552,0.5899209380149841,,,,,
76,0.8119946122169495,0.8315789699554443,0.4506787657737732,0.6428571343421936,0.9811320900917053,2078,0.9642857313156128,,,,,,,
76,,,,,,2078,,0.3470720946788788,0.5993129014968872,,,,,
77,0.7886343002319336,0.800000011920929,0.41261380910873413,0.6904761791229248,0.8867924809455872,2105,0.8285714387893677,,,,,,,
77,,,,,,2105,,0.33825474977493286,0.5797961354255676,,,,,
78,0.7886343002319336,0.800000011920929,0.4094567596912384,0.6904761791229248,0.8867924809455872,2132,0.8285714387893677,,,,,,,
78,,,,,,2132,,0.3482779860496521,0.5798891186714172,,,,,
79,0.8144654631614685,0.8315789699554443,0.48329848051071167,0.6666666865348816,0.9622642397880554,2159,0.9333332777023315,,,,,,,
79,,,,,,2159,,0.3608897924423218,0.5867464542388916,,,,,
80,0.79312664270401,0.8105263113975525,0.44176486134529114,0.6428571343421936,0.9433962106704712,2186,0.8999999761581421,,,,,,,
80,,,,,,2186,,0.3501785695552826,0.600028395652771,,,,,
81,0.7742587327957153,0.7894737124443054,0.43905290961265564,0.6428571343421936,0.9056603908538818,2213,0.84375,,,,,,,
81,,,,,,2213,,0.3246839940547943,0.5921593904495239,,,,,
82,0.7861635684967041,0.800000011920929,0.454621821641922,0.6666666865348816,0.9056603908538818,2240,0.8484848737716675,,,,,,,
82,,,,,,2240,,0.3213367462158203,0.6029314398765564,,,,,
83,0.816936194896698,0.8315789699554443,0.36914706230163574,0.6904761791229248,0.9433962106704712,2267,0.90625,,,,,,,
83,,,,,,2267,,0.35638877749443054,0.6037976741790771,,,,,
84,0.8050314784049988,0.821052610874176,0.4621908366680145,0.6666666865348816,0.9433962106704712,2294,0.9032257795333862,,,,,,,
84,,,,,,2294,,0.3394320607185364,0.5981117486953735,,,,,
85,0.8050314784049988,0.821052610874176,0.398882657289505,0.6666666865348816,0.9433962106704712,2321,0.9032257795333862,,,,,,,
85,,,,,,2321,,0.3241511285305023,0.5921345353126526,,,,,
86,0.828840970993042,0.8421052694320679,0.4342852234840393,0.7142857313156128,0.9433962106704712,2348,0.9090909361839294,,,,,,,
86,,,,,,2348,,0.34055086970329285,0.5833195447921753,,,,,
87,0.8263701796531677,0.8421052694320679,0.355787992477417,0.6904761791229248,0.9622642397880554,2375,0.9354839324951172,,,,,,,
87,,,,,,2375,,0.3285501301288605,0.6024042963981628,,,,,
88,0.8194069862365723,0.8315789699554443,0.40877339243888855,0.7142857313156128,0.9245282411575317,2402,0.8823529481887817,,,,,,,
88,,,,,,2402,,0.309800922870636,0.6168724894523621,,,,,
89,0.8238993883132935,0.8421052694320679,0.39270439743995667,0.6666666865348816,0.9811320900917053,2429,0.9655172228813171,,,,,,,
89,,,,,,2429,,0.310352623462677,0.6022406220436096,,,,,
90,0.7668463587760925,0.7894737124443054,0.5054709911346436,0.5714285969734192,0.9622642397880554,2456,0.9230769276618958,,,,,,,
90,,,,,,2456,,0.2974907457828522,0.6171692609786987,,,,,
91,0.8075022101402283,0.821052610874176,0.43352165818214417,0.6904761791229248,0.9245282411575317,2483,0.8787878751754761,,,,,,,
91,,,,,,2483,,0.34090113639831543,0.6121537685394287,,,,,
92,0.7717880010604858,0.7894737124443054,0.44517767429351807,0.6190476417541504,0.9245282411575317,2510,0.8666666746139526,,,,,,,
92,,,,,,2510,,0.32784509658813477,0.623831570148468,,,,,
93,0.795597493648529,0.8105263113975525,0.33006420731544495,0.6666666865348816,0.9245282411575317,2537,0.875,,,,,,,
93,,,,,,2537,,0.32235002517700195,0.6125273704528809,,,,,
94,0.7792003154754639,0.7894737124443054,0.41953766345977783,0.6904761791229248,0.8679245114326477,2564,0.8055555820465088,,,,,,,
94,,,,,,2564,,0.3057422637939453,0.6058712601661682,,,,,
95,0.8000898957252502,0.821052610874176,0.4341641366481781,0.6190476417541504,0.9811320900917053,2591,0.9629629850387573,,,,,,,
95,,,,,,2591,,0.32812920212745667,0.6265718936920166,,,,,
96,0.7911050915718079,0.800000011920929,0.4549577534198761,0.7142857313156128,0.8679245114326477,2618,0.8108107447624207,,,,,,,
96,,,,,,2618,,0.3237934708595276,0.6047283411026001,,,,,
97,0.8050314784049988,0.821052610874176,0.4785638451576233,0.6666666865348816,0.9433962106704712,2645,0.9032257795333862,,,,,,,
97,,,,,,2645,,0.32969728112220764,0.6118166446685791,,,,,
98,0.8050314784049988,0.821052610874176,0.45778486132621765,0.6666666865348816,0.9433962106704712,2672,0.9032257795333862,,,,,,,
98,,,,,,2672,,0.3220728635787964,0.6156914830207825,,,,,
99,0.816936194896698,0.8315789699554443,0.4388394057750702,0.6904761791229248,0.9433962106704712,2699,0.90625,,,,,,,
99,,,,,,2699,,0.30936700105667114,0.6268004775047302,,,,,
100,0.7980683445930481,0.8105263113975525,0.46930402517318726,0.6904761791229248,0.9056603908538818,2726,0.8529411554336548,,,,,,,
100,,,,,,2726,,0.308487206697464,0.6272690892219543,,,,,
101,0.8025606870651245,0.821052610874176,0.42109978199005127,0.6428571343421936,0.9622642397880554,2753,0.931034505367279,,,,,,,
101,,,,,,2753,,0.32000666856765747,0.6196655035018921,,,,,
102,0.8263701796531677,0.8421052694320679,0.38837313652038574,0.6904761791229248,0.9622642397880554,2780,0.9354839324951172,,,,,,,
102,,,,,,2780,,0.3052590489387512,0.6210870742797852,,,,,
103,0.828840970993042,0.8421052694320679,0.4359573423862457,0.7142857313156128,0.9433962106704712,2807,0.9090909361839294,,,,,,,
103,,,,,,2807,,0.32270893454551697,0.6272673010826111,,,,,
104,0.781221866607666,0.800000011920929,0.38668832182884216,0.6190476417541504,0.9433962106704712,2834,0.8965517282485962,,,,,,,
104,,,,,,2834,,0.3073408603668213,0.6099688410758972,,,,,
105,0.8050314784049988,0.821052610874176,0.3971429169178009,0.6666666865348816,0.9433962106704712,2861,0.9032257795333862,,,,,,,
105,,,,,,2861,,0.2857641577720642,0.6109873056411743,,,,,
106,0.7861635684967041,0.800000011920929,0.3600546717643738,0.6666666865348816,0.9056603908538818,2888,0.8484848737716675,,,,,,,
106,,,,,,2888,,0.2796325981616974,0.6392751932144165,,,,,
107,0.8263701796531677,0.8421052694320679,0.47429001331329346,0.6904761791229248,0.9622642397880554,2915,0.9354839324951172,,,,,,,
107,,,,,,2915,,0.31999117136001587,0.6108734011650085,,,,,
108,0.8025606870651245,0.821052610874176,0.3591051697731018,0.6428571343421936,0.9622642397880554,2942,0.931034505367279,,,,,,,
108,,,,,,2942,,0.31528908014297485,0.6201632618904114,,,,,
109,0.8050314784049988,0.821052610874176,0.4713975489139557,0.6666666865348816,0.9433962106704712,2969,0.9032257795333862,,,,,,,
109,,,,,,2969,,0.3109414577484131,0.6296126842498779,,,,,
110,0.7980683445930481,0.8105263113975525,0.4798082113265991,0.6904761791229248,0.9056603908538818,2996,0.8529411554336548,,,,,,,
110,,,,,,2996,,0.29989102482795715,0.6467821002006531,,,,,
111,0.79312664270401,0.8105263113975525,0.38792988657951355,0.6428571343421936,0.9433962106704712,3023,0.8999999761581421,,,,,,,
111,,,,,,3023,,0.2824343144893646,0.6156057119369507,,,,,
112,0.7717880010604858,0.7894737124443054,0.42559656500816345,0.6190476417541504,0.9245282411575317,3050,0.8666666746139526,,,,,,,
112,,,,,,3050,,0.3192901611328125,0.6397203207015991,,,,,
113,0.7861635684967041,0.800000011920929,0.4504292607307434,0.6666666865348816,0.9056603908538818,3077,0.8484848737716675,,,,,,,
113,,,,,,3077,,0.2962542474269867,0.6348655223846436,,,,,
114,0.7434860467910767,0.75789475440979,0.47201287746429443,0.6190476417541504,0.8679245114326477,3104,0.7878788113594055,,,,,,,
114,,,,,,3104,,0.3013002872467041,0.6409997940063477,,,,,
115,0.7717880010604858,0.7894737124443054,0.4485071003437042,0.6190476417541504,0.9245282411575317,3131,0.8666666746139526,,,,,,,
115,,,,,,3131,,0.312642902135849,0.6277260780334473,,,,,
116,0.795597493648529,0.8105263113975525,0.4258095324039459,0.6666666865348816,0.9245282411575317,3158,0.875,,,,,,,
116,,,,,,3158,,0.2987041175365448,0.6420421004295349,,,,,
117,0.816936194896698,0.8315789699554443,0.537248969078064,0.6904761791229248,0.9433962106704712,3185,0.90625,,,,,,,
117,,,,,,3185,,0.31208959221839905,0.6358228921890259,,,,,
118,0.8030098080635071,0.8105263113975525,0.43608054518699646,0.738095223903656,0.8679245114326477,3212,0.8157894611358643,,,,,,,
118,,,,,,3212,,0.3029993772506714,0.6257627010345459,,,,,
119,0.7787511944770813,0.800000011920929,0.39088019728660583,0.5952380895614624,0.9622642397880554,3239,0.9259259104728699,,,,,,,
119,,,,,,3239,,0.300348699092865,0.6063007712364197,,,,,
120,0.8144654631614685,0.8315789699554443,0.39626944065093994,0.6666666865348816,0.9622642397880554,3266,0.9333332777023315,,,,,,,
120,,,,,,3266,,0.2920244038105011,0.6456936001777649,,,,,
121,0.7886343002319336,0.800000011920929,0.42557990550994873,0.6904761791229248,0.8867924809455872,3293,0.8285714387893677,,,,,,,
121,,,,,,3293,,0.2948182225227356,0.636665940284729,,,,,
122,0.7484278082847595,0.75789475440979,0.43298766016960144,0.6666666865348816,0.8301886916160583,3320,0.7567567229270935,,,,,,,
122,,,,,,3320,,0.2916686534881592,0.6312773823738098,,,,,
123,0.8099730610847473,0.821052610874176,0.44531652331352234,0.7142857313156128,0.9056603908538818,3347,0.8571428656578064,,,,,,,
123,,,,,,3347,,0.29097306728363037,0.63838130235672,,,,,
124,0.7886343002319336,0.800000011920929,0.4630434811115265,0.6904761791229248,0.8867924809455872,3374,0.8285714387893677,,,,,,,
124,,,,,,3374,,0.28102412819862366,0.637460470199585,,,,,
125,0.8005390167236328,0.8105263113975525,0.4885147213935852,0.7142857313156128,0.8867924809455872,3401,0.8333333134651184,,,,,,,
125,,,,,,3401,,0.2895652949810028,0.6510605812072754,,,,,
126,0.8144654631614685,0.8315789699554443,0.4010983407497406,0.6666666865348816,0.9622642397880554,3428,0.9333332777023315,,,,,,,
126,,,,,,3428,,0.3018765449523926,0.6530612111091614,,,,,
127,0.8030098080635071,0.8105263113975525,0.500036895275116,0.738095223903656,0.8679245114326477,3455,0.8157894611358643,,,,,,,
127,,,,,,3455,,0.2801693379878998,0.6358201503753662,,,,,
128,0.8596136569976807,0.8736842274665833,0.402403324842453,0.738095223903656,0.9811320900917053,3482,0.96875,,,,,,,
128,,,,,,3482,,0.2807563543319702,0.6370447278022766,,,,,
129,0.795597493648529,0.8105263113975525,0.5145102739334106,0.6666666865348816,0.9245282411575317,3509,0.875,,,,,,,
129,,,,,,3509,,0.3013317584991455,0.6545806527137756,,,,,
130,0.8263701796531677,0.8421052694320679,0.40883320569992065,0.6904761791229248,0.9622642397880554,3536,0.9354839324951172,,,,,,,
130,,,,,,3536,,0.2897995710372925,0.6124138236045837,,,,,
131,0.7672956585884094,0.7789473533630371,0.5336850881576538,0.6666666865348816,0.8679245114326477,3563,0.800000011920929,,,,,,,
131,,,,,,3563,,0.2728857696056366,0.6429338455200195,,,,,
132,0.795597493648529,0.8105263113975525,0.3962439000606537,0.6666666865348816,0.9245282411575317,3590,0.875,,,,,,,
132,,,,,,3590,,0.2811219394207001,0.6613715887069702,,,,,
133,0.795597493648529,0.8105263113975525,0.4279588460922241,0.6666666865348816,0.9245282411575317,3617,0.875,,,,,,,
133,,,,,,3617,,0.2669186294078827,0.6348959803581238,,,,,
134,0.8124438524246216,0.821052610874176,0.4763583242893219,0.738095223903656,0.8867924809455872,3644,0.8378377556800842,,,,,,,
134,,,,,,3644,,0.28885164856910706,0.650583028793335,,,,,
135,0.831311821937561,0.8421052694320679,0.4461602568626404,0.738095223903656,0.9245282411575317,3671,0.8857142925262451,,,,,,,
135,,,,,,3671,,0.25165796279907227,0.6415935158729553,,,,,
136,0.8075022101402283,0.821052610874176,0.3795061707496643,0.6904761791229248,0.9245282411575317,3698,0.8787878751754761,,,,,,,
136,,,,,,3698,,0.26624271273612976,0.6558059453964233,,,,,
137,0.8005390167236328,0.8105263113975525,0.4671890139579773,0.7142857313156128,0.8867924809455872,3725,0.8333333134651184,,,,,,,
137,,,,,,3725,,0.2637903094291687,0.6637783646583557,,,,,
138,0.7861635684967041,0.800000011920929,0.39173996448516846,0.6666666865348816,0.9056603908538818,3752,0.8484848737716675,,,,,,,
138,,,,,,3752,,0.29151493310928345,0.6495203375816345,,,,,
139,0.8218778371810913,0.8315789699554443,0.487466424703598,0.738095223903656,0.9056603908538818,3779,0.8611111044883728,,,,,,,
139,,,,,,3779,,0.282863974571228,0.6425487399101257,,,,,
140,0.8075022101402283,0.821052610874176,0.464752733707428,0.6904761791229248,0.9245282411575317,3806,0.8787878751754761,,,,,,,
140,,,,,,3806,,0.27615299820899963,0.6530860066413879,,,,,
141,0.7886343002319336,0.800000011920929,0.3967043161392212,0.6904761791229248,0.8867924809455872,3833,0.8285714387893677,,,,,,,
141,,,,,,3833,,0.26104822754859924,0.6460516452789307,,,,,
142,0.795597493648529,0.8105263113975525,0.48476800322532654,0.6666666865348816,0.9245282411575317,3860,0.875,,,,,,,
142,,,,,,3860,,0.2960156798362732,0.6452847123146057,,,,,
143,0.8075022101402283,0.821052610874176,0.46356451511383057,0.6904761791229248,0.9245282411575317,3887,0.8787878751754761,,,,,,,
143,,,,,,3887,,0.24840639531612396,0.6484615802764893,,,,,
144,0.824348509311676,0.8315789699554443,0.5284950733184814,0.761904776096344,0.8867924809455872,3914,0.8421052694320679,,,,,,,
144,,,,,,3914,,0.2814171612262726,0.6676163673400879,,,,,
145,0.8124438524246216,0.821052610874176,0.4185209274291992,0.738095223903656,0.8867924809455872,3941,0.8378377556800842,,,,,,,
145,,,,,,3941,,0.29840442538261414,0.6611335277557373,,,,,
146,0.816936194896698,0.8315789699554443,0.48674261569976807,0.6904761791229248,0.9433962106704712,3968,0.90625,,,,,,,
146,,,,,,3968,,0.26459619402885437,0.6345614194869995,,,,,
147,0.7767295241355896,0.7894737124443054,0.41492292284965515,0.6666666865348816,0.8867924809455872,3995,0.8235294818878174,,,,,,,
147,,,,,,3995,,0.283153235912323,0.6536139249801636,,,,,
148,0.8194069862365723,0.8315789699554443,0.44056832790374756,0.7142857313156128,0.9245282411575317,4022,0.8823529481887817,,,,,,,
148,,,,,,4022,,0.2681819796562195,0.661885142326355,,,,,
149,0.831311821937561,0.8421052694320679,0.4584710896015167,0.738095223903656,0.9245282411575317,4049,0.8857142925262451,,,,,,,
149,,,,,,4049,,0.24714192748069763,0.6407564878463745,,,,,
150,0.8194069862365723,0.8315789699554443,0.41993096470832825,0.7142857313156128,0.9245282411575317,4076,0.8823529481887817,,,,,,,
150,,,,,,4076,,0.2702217996120453,0.6728622913360596,,,,,
151,0.795597493648529,0.8105263113975525,0.4922159016132355,0.6666666865348816,0.9245282411575317,4103,0.875,,,,,,,
151,,,,,,4103,,0.2821931540966034,0.6708279848098755,,,,,
152,0.8075022101402283,0.821052610874176,0.4847947061061859,0.6904761791229248,0.9245282411575317,4130,0.8787878751754761,,,,,,,
152,,,,,,4130,,0.2641928195953369,0.6428766846656799,,,,,
153,0.795597493648529,0.8105263113975525,0.4508496820926666,0.6666666865348816,0.9245282411575317,4157,0.875,,,,,,,
153,,,,,,4157,,0.26940274238586426,0.6582817435264587,,,,,
154,0.795597493648529,0.8105263113975525,0.5061765313148499,0.6666666865348816,0.9245282411575317,4184,0.875,,,,,,,
154,,,,,,4184,,0.26702576875686646,0.6461408734321594,,,,,
155,0.795597493648529,0.8105263113975525,0.5105834603309631,0.6666666865348816,0.9245282411575317,4211,0.875,,,,,,,
155,,,,,,4211,,0.2576077878475189,0.6665943264961243,,,,,
156,0.831311821937561,0.8421052694320679,0.5712293982505798,0.738095223903656,0.9245282411575317,4238,0.8857142925262451,,,,,,,
156,,,,,,4238,,0.2517404854297638,0.6609838604927063,,,,,
157,0.8382750153541565,0.8526315689086914,0.528606653213501,0.7142857313156128,0.9622642397880554,4265,0.9375,,,,,,,
157,,,,,,4265,,0.27738383412361145,0.6486328840255737,,,,,
158,0.8099730610847473,0.821052610874176,0.49443286657333374,0.7142857313156128,0.9056603908538818,4292,0.8571428656578064,,,,,,,
158,,,,,,4292,,0.27841052412986755,0.6670075058937073,,,,,
159,0.828840970993042,0.8421052694320679,0.43311411142349243,0.7142857313156128,0.9433962106704712,4319,0.9090909361839294,,,,,,,
159,,,,,,4319,,0.2572025656700134,0.6440809369087219,,,,,
160,0.8099730610847473,0.821052610874176,0.4559110999107361,0.7142857313156128,0.9056603908538818,4346,0.8571428656578064,,,,,,,
160,,,,,,4346,,0.2587057054042816,0.653954803943634,,,,,
161,0.8194069862365723,0.8315789699554443,0.5787901878356934,0.7142857313156128,0.9245282411575317,4373,0.8823529481887817,,,,,,,
161,,,,,,4373,,0.265284925699234,0.6685314178466797,,,,,
162,0.831311821937561,0.8421052694320679,0.394100159406662,0.738095223903656,0.9245282411575317,4400,0.8857142925262451,,,,,,,
162,,,,,,4400,,0.24595412611961365,0.6619134545326233,,,,,
163,0.8263701796531677,0.8421052694320679,0.45347997546195984,0.6904761791229248,0.9622642397880554,4427,0.9354839324951172,,,,,,,
163,,,,,,4427,,0.27131614089012146,0.6575509309768677,,,,,
164,0.8263701796531677,0.8421052694320679,0.5079465508460999,0.6904761791229248,0.9622642397880554,4454,0.9354839324951172,,,,,,,
164,,,,,,4454,,0.2596540153026581,0.6590248346328735,,,,,
165,0.831311821937561,0.8421052694320679,0.4684930443763733,0.738095223903656,0.9245282411575317,4481,0.8857142925262451,,,,,,,
165,,,,,,4481,,0.26702579855918884,0.6571090817451477,,,,,
166,0.760332465171814,0.7684210538864136,0.4568004310131073,0.6904761791229248,0.8301886916160583,4508,0.7631579041481018,,,,,,,
166,,,,,,4508,,0.2645809054374695,0.6716703772544861,,,,,
167,0.8144654631614685,0.8315789699554443,0.4315629303455353,0.6666666865348816,0.9622642397880554,4535,0.9333332777023315,,,,,,,
167,,,,,,4535,,0.24297013878822327,0.6750748753547668,,,,,
168,0.828840970993042,0.8421052694320679,0.46503421664237976,0.7142857313156128,0.9433962106704712,4562,0.9090909361839294,,,,,,,
168,,,,,,4562,,0.24174810945987701,0.6765422821044922,,,,,
169,0.8099730610847473,0.821052610874176,0.4040285348892212,0.7142857313156128,0.9056603908538818,4589,0.8571428656578064,,,,,,,
169,,,,,,4589,,0.24748344719409943,0.6744722127914429,,,,,
170,0.8263701796531677,0.8421052694320679,0.37207213044166565,0.6904761791229248,0.9622642397880554,4616,0.9354839324951172,,,,,,,
170,,,,,,4616,,0.25964784622192383,0.6642864346504211,,,,,
171,0.7911050915718079,0.800000011920929,0.565424382686615,0.7142857313156128,0.8679245114326477,4643,0.8108107447624207,,,,,,,
171,,,,,,4643,,0.25457996129989624,0.6615133881568909,,,,,
172,0.8218778371810913,0.8315789699554443,0.3824630081653595,0.738095223903656,0.9056603908538818,4670,0.8611111044883728,,,,,,,
172,,,,,,4670,,0.22844141721725464,0.6555708050727844,,,,,
173,0.8075022101402283,0.821052610874176,0.4446816146373749,0.6904761791229248,0.9245282411575317,4697,0.8787878751754761,,,,,,,
173,,,,,,4697,,0.24301502108573914,0.6448386311531067,,,,,
174,0.828840970993042,0.8421052694320679,0.4975716173648834,0.7142857313156128,0.9433962106704712,4724,0.9090909361839294,,,,,,,
174,,,,,,4724,,0.21578195691108704,0.6579226851463318,,,,,
175,0.7697663903236389,0.7789473533630371,0.4846205413341522,0.6904761791229248,0.849056601524353,4751,0.7837837338447571,,,,,,,
175,,,,,,4751,,0.25373995304107666,0.6707136034965515,,,,,
176,0.8005390167236328,0.8105263113975525,0.4814627468585968,0.7142857313156128,0.8867924809455872,4778,0.8333333134651184,,,,,,,
176,,,,,,4778,,0.24355563521385193,0.659393310546875,,,,,
177,0.8005390167236328,0.8105263113975525,0.44550850987434387,0.7142857313156128,0.8867924809455872,4805,0.8333333134651184,,,,,,,
177,,,,,,4805,,0.2639721632003784,0.6566432118415833,,,,,
178,0.7767295241355896,0.7894737124443054,0.5314386487007141,0.6666666865348816,0.8867924809455872,4832,0.8235294818878174,,,,,,,
178,,,,,,4832,,0.2610107660293579,0.6657869219779968,,,,,
179,0.7861635684967041,0.800000011920929,0.49226757884025574,0.6666666865348816,0.9056603908538818,4859,0.8484848737716675,,,,,,,
179,,,,,,4859,,0.24857637286186218,0.6406886577606201,,,,,
180,0.8099730610847473,0.821052610874176,0.48764005303382874,0.7142857313156128,0.9056603908538818,4886,0.8571428656578064,,,,,,,
180,,,,,,4886,,0.24659647047519684,0.6666075587272644,,,,,
181,0.8005390167236328,0.8105263113975525,0.4300822913646698,0.7142857313156128,0.8867924809455872,4913,0.8333333134651184,,,,,,,
181,,,,,,4913,,0.21802474558353424,0.6499389410018921,,,,,
182,0.8099730610847473,0.821052610874176,0.4648262560367584,0.7142857313156128,0.9056603908538818,4940,0.8571428656578064,,,,,,,
182,,,,,,4940,,0.22145189344882965,0.6821751594543457,,,,,
183,0.8263701796531677,0.8421052694320679,0.4281735122203827,0.6904761791229248,0.9622642397880554,4967,0.9354839324951172,,,,,,,
183,,,,,,4967,,0.24492748081684113,0.6610190272331238,,,,,
184,0.8382750153541565,0.8526315689086914,0.5113152265548706,0.7142857313156128,0.9622642397880554,4994,0.9375,,,,,,,
184,,,,,,4994,,0.23402146995067596,0.6724392771720886,,,,,
185,0.8268193006515503,0.8315789699554443,0.498259037733078,0.7857142686843872,0.8679245114326477,5021,0.824999988079071,,,,,,,
185,,,,,,5021,,0.2556559443473816,0.6790748834609985,,,,,
186,0.7935759425163269,0.800000011920929,0.4147160053253174,0.738095223903656,0.849056601524353,5048,0.7948718667030334,,,,,,,
186,,,,,,5048,,0.24771781265735626,0.6799483895301819,,,,,
187,0.831311821937561,0.8421052694320679,0.5152579545974731,0.738095223903656,0.9245282411575317,5075,0.8857142925262451,,,,,,,
187,,,,,,5075,,0.23384560644626617,0.6697368621826172,,,,,
188,0.8099730610847473,0.821052610874176,0.4456385672092438,0.7142857313156128,0.9056603908538818,5102,0.8571428656578064,,,,,,,
188,,,,,,5102,,0.24048782885074615,0.6786383986473083,,,,,
189,0.795597493648529,0.8105263113975525,0.4128105640411377,0.6666666865348816,0.9245282411575317,5129,0.875,,,,,,,
189,,,,,,5129,,0.22801655530929565,0.6694897413253784,,,,,
190,0.8337825536727905,0.8421052694320679,0.48910340666770935,0.761904776096344,0.9056603908538818,5156,0.8648648858070374,,,,,,,
190,,,,,,5156,,0.2507633566856384,0.668709397315979,,,,,
191,0.8456873297691345,0.8526315689086914,0.46394696831703186,0.7857142686843872,0.9056603908538818,5183,0.8684210777282715,,,,,,,
191,,,,,,5183,,0.22867514193058014,0.6544560790061951,,,,,
192,0.831311821937561,0.8421052694320679,0.4810393750667572,0.738095223903656,0.9245282411575317,5210,0.8857142925262451,,,,,,,
192,,,,,,5210,,0.23310843110084534,0.6657425165176392,,,,,
193,0.8382750153541565,0.8526315689086914,0.48937252163887024,0.7142857313156128,0.9622642397880554,5237,0.9375,,,,,,,
193,,,,,,5237,,0.21602633595466614,0.6759943962097168,,,,,
194,0.828840970993042,0.8421052694320679,0.5374716520309448,0.7142857313156128,0.9433962106704712,5264,0.9090909361839294,,,,,,,
194,,,,,,5264,,0.2468162178993225,0.6766504645347595,,,,,
195,0.7886343002319336,0.800000011920929,0.4686806797981262,0.6904761791229248,0.8867924809455872,5291,0.8285714387893677,,,,,,,
195,,,,,,5291,,0.2340131551027298,0.6696949601173401,,,,,
196,0.8218778371810913,0.8315789699554443,0.4473269283771515,0.738095223903656,0.9056603908538818,5318,0.8611111044883728,,,,,,,
196,,,,,,5318,,0.21625091135501862,0.6485504508018494,,,,,
197,0.7911050915718079,0.800000011920929,0.47726061940193176,0.7142857313156128,0.8679245114326477,5345,0.8108107447624207,,,,,,,
197,,,,,,5345,,0.21740217506885529,0.6777752637863159,,,,,
198,0.7980683445930481,0.8105263113975525,0.4836837649345398,0.6904761791229248,0.9056603908538818,5372,0.8529411554336548,,,,,,,
198,,,,,,5372,,0.22162073850631714,0.668804943561554,,,,,
199,0.824348509311676,0.8315789699554443,0.4431211054325104,0.761904776096344,0.8867924809455872,5399,0.8421052694320679,,,,,,,
199,,,,,,5399,,0.21401818096637726,0.677484393119812,,,,,
200,0.7980683445930481,0.8105263113975525,0.5078549981117249,0.6904761791229248,0.9056603908538818,5426,0.8529411554336548,,,,,,,
200,,,,,,5426,,0.22694754600524902,0.6603842377662659,,,,,
201,0.8099730610847473,0.821052610874176,0.5078554749488831,0.7142857313156128,0.9056603908538818,5453,0.8571428656578064,,,,,,,
201,,,,,,5453,,0.21283693611621857,0.6551416516304016,,,,,
202,0.8194069862365723,0.8315789699554443,0.44772636890411377,0.7142857313156128,0.9245282411575317,5480,0.8823529481887817,,,,,,,
202,,,,,,5480,,0.24049653112888336,0.6751304864883423,,,,,
203,0.7980683445930481,0.8105263113975525,0.3880562484264374,0.6904761791229248,0.9056603908538818,5507,0.8529411554336548,,,,,,,
203,,,,,,5507,,0.24042664468288422,0.6711364388465881,,,,,
204,0.831311821937561,0.8421052694320679,0.43841370940208435,0.738095223903656,0.9245282411575317,5534,0.8857142925262451,,,,,,,
204,,,,,,5534,,0.21388813853263855,0.6717680096626282,,,,,
205,0.7861635684967041,0.800000011920929,0.4880296289920807,0.6666666865348816,0.9056603908538818,5561,0.8484848737716675,,,,,,,
205,,,,,,5561,,0.2420913726091385,0.6580296158790588,,,,,
206,0.8005390167236328,0.8105263113975525,0.43471068143844604,0.7142857313156128,0.8867924809455872,5588,0.8333333134651184,,,,,,,
206,,,,,,5588,,0.21668902039527893,0.659503161907196,,,,,
207,0.828840970993042,0.8421052694320679,0.4385450780391693,0.7142857313156128,0.9433962106704712,5615,0.9090909361839294,,,,,,,
207,,,,,,5615,,0.23372958600521088,0.6777421832084656,,,,,
208,0.7672956585884094,0.7789473533630371,0.5201317071914673,0.6666666865348816,0.8679245114326477,5642,0.800000011920929,,,,,,,
208,,,,,,5642,,0.22582989931106567,0.6754361391067505,,,,,
209,0.7911050915718079,0.800000011920929,0.5424798727035522,0.7142857313156128,0.8679245114326477,5669,0.8108107447624207,,,,,,,
209,,,,,,5669,,0.22767451405525208,0.6695762276649475,,,,,
210,0.7886343002319336,0.800000011920929,0.5325255990028381,0.6904761791229248,0.8867924809455872,5696,0.8285714387893677,,,,,,,
210,,,,,,5696,,0.22817908227443695,0.657483696937561,,,,,
211,0.7980683445930481,0.8105263113975525,0.5026419758796692,0.6904761791229248,0.9056603908538818,5723,0.8529411554336548,,,,,,,
211,,,,,,5723,,0.2138376384973526,0.6645933985710144,,,,,
212,0.8050314784049988,0.821052610874176,0.47455310821533203,0.6666666865348816,0.9433962106704712,5750,0.9032257795333862,,,,,,,
212,,,,,,5750,,0.21292544901371002,0.6650193333625793,,,,,
213,0.7836927175521851,0.800000011920929,0.46580976247787476,0.6428571343421936,0.9245282411575317,5777,0.8709677457809448,,,,,,,
213,,,,,,5777,,0.2247624546289444,0.6773162484169006,,,,,
214,0.7767295241355896,0.7894737124443054,0.45520907640457153,0.6666666865348816,0.8867924809455872,5804,0.8235294818878174,,,,,,,
214,,,,,,5804,,0.21381475031375885,0.6768285632133484,,,,,
215,0.8194069862365723,0.8315789699554443,0.5234852433204651,0.7142857313156128,0.9245282411575317,5831,0.8823529481887817,,,,,,,
215,,,,,,5831,,0.21223974227905273,0.6641654372215271,,,,,
216,0.824348509311676,0.8315789699554443,0.4760735034942627,0.761904776096344,0.8867924809455872,5858,0.8421052694320679,,,,,,,
216,,,,,,5858,,0.23306843638420105,0.6800789833068848,,,,,
217,0.8194069862365723,0.8315789699554443,0.41424113512039185,0.7142857313156128,0.9245282411575317,5885,0.8823529481887817,,,,,,,
217,,,,,,5885,,0.2317817360162735,0.6597132086753845,,,,,
218,0.8194069862365723,0.8315789699554443,0.4298631250858307,0.7142857313156128,0.9245282411575317,5912,0.8823529481887817,,,,,,,
218,,,,,,5912,,0.21239052712917328,0.6663433313369751,,,,,
219,0.8099730610847473,0.821052610874176,0.429842084646225,0.7142857313156128,0.9056603908538818,5939,0.8571428656578064,,,,,,,
219,,,,,,5939,,0.2113574594259262,0.6614118814468384,,,,,
220,0.816936194896698,0.8315789699554443,0.4803711473941803,0.6904761791229248,0.9433962106704712,5966,0.90625,,,,,,,
220,,,,,,5966,,0.2141362875699997,0.6885244250297546,,,,,
221,0.8337825536727905,0.8421052694320679,0.4471319615840912,0.761904776096344,0.9056603908538818,5993,0.8648648858070374,,,,,,,
221,,,,,,5993,,0.22845721244812012,0.6716195344924927,,,,,
222,0.831311821937561,0.8421052694320679,0.5380188822746277,0.738095223903656,0.9245282411575317,6020,0.8857142925262451,,,,,,,
222,,,,,,6020,,0.21378213167190552,0.6715428233146667,,,,,
223,0.831311821937561,0.8421052694320679,0.42683467268943787,0.738095223903656,0.9245282411575317,6047,0.8857142925262451,,,,,,,
223,,,,,,6047,,0.2387566715478897,0.7033255696296692,,,,,
224,0.795597493648529,0.8105263113975525,0.37236350774765015,0.6666666865348816,0.9245282411575317,6074,0.875,,,,,,,
224,,,,,,6074,,0.21875087916851044,0.693860650062561,,,,,
225,0.8218778371810913,0.8315789699554443,0.44271257519721985,0.738095223903656,0.9056603908538818,6101,0.8611111044883728,,,,,,,
225,,,,,,6101,,0.21600690484046936,0.6644812822341919,,,,,
226,0.8099730610847473,0.821052610874176,0.4519904553890228,0.7142857313156128,0.9056603908538818,6128,0.8571428656578064,,,,,,,
226,,,,,,6128,,0.21558064222335815,0.659379243850708,,,,,
227,0.8075022101402283,0.821052610874176,0.48446977138519287,0.6904761791229248,0.9245282411575317,6155,0.8787878751754761,,,,,,,
227,,,,,,6155,,0.22618688642978668,0.6760948896408081,,,,,
228,0.8501797318458557,0.8631578683853149,0.4328003227710724,0.738095223903656,0.9622642397880554,6182,0.939393937587738,,,,,,,
228,,,,,,6182,,0.22194384038448334,0.6724773645401001,,,,,
229,0.8099730610847473,0.821052610874176,0.4231666028499603,0.7142857313156128,0.9056603908538818,6209,0.8571428656578064,,,,,,,
229,,,,,,6209,,0.20945541560649872,0.6716859936714172,,,,,
230,0.8194069862365723,0.8315789699554443,0.5261967778205872,0.7142857313156128,0.9245282411575317,6236,0.8823529481887817,,,,,,,
230,,,,,,6236,,0.21571266651153564,0.6552606225013733,,,,,
231,0.816936194896698,0.8315789699554443,0.38010311126708984,0.6904761791229248,0.9433962106704712,6263,0.90625,,,,,,,
231,,,,,,6263,,0.2124776989221573,0.6726981401443481,,,,,
232,0.7861635684967041,0.800000011920929,0.48818179965019226,0.6666666865348816,0.9056603908538818,6290,0.8484848737716675,,,,,,,
232,,,,,,6290,,0.20544174313545227,0.6967663764953613,,,,,
233,0.8099730610847473,0.821052610874176,0.433943510055542,0.7142857313156128,0.9056603908538818,6317,0.8571428656578064,,,,,,,
233,,,,,,6317,,0.2111092060804367,0.6738179326057434,,,,,
234,0.8218778371810913,0.8315789699554443,0.42154818773269653,0.738095223903656,0.9056603908538818,6344,0.8611111044883728,,,,,,,
234,,,,,,6344,,0.2347291111946106,0.6853858232498169,,,,,
235,0.7886343002319336,0.800000011920929,0.4726153016090393,0.6904761791229248,0.8867924809455872,6371,0.8285714387893677,,,,,,,
235,,,,,,6371,,0.21262654662132263,0.6869639754295349,,,,,
236,0.7980683445930481,0.8105263113975525,0.3739796578884125,0.6904761791229248,0.9056603908538818,6398,0.8529411554336548,,,,,,,
236,,,,,,6398,,0.21970471739768982,0.6697997450828552,,,,,
237,0.8194069862365723,0.8315789699554443,0.5073554515838623,0.7142857313156128,0.9245282411575317,6425,0.8823529481887817,,,,,,,
237,,,,,,6425,,0.21034561097621918,0.6880027055740356,,,,,
238,0.7980683445930481,0.8105263113975525,0.4280296862125397,0.6904761791229248,0.9056603908538818,6452,0.8529411554336548,,,,,,,
238,,,,,,6452,,0.20962710678577423,0.682557225227356,,,,,
239,0.7861635684967041,0.800000011920929,0.48303860425949097,0.6666666865348816,0.9056603908538818,6479,0.8484848737716675,,,,,,,
239,,,,,,6479,,0.22361955046653748,0.6936095356941223,,,,,
240,0.7672956585884094,0.7789473533630371,0.4422522187232971,0.6666666865348816,0.8679245114326477,6506,0.800000011920929,,,,,,,
240,,,,,,6506,,0.21248367428779602,0.6810282468795776,,,,,
241,0.7697663903236389,0.7789473533630371,0.4111262559890747,0.6904761791229248,0.849056601524353,6533,0.7837837338447571,,,,,,,
241,,,,,,6533,,0.22906431555747986,0.6836214065551758,,,,,
242,0.7672956585884094,0.7789473533630371,0.5058660507202148,0.6666666865348816,0.8679245114326477,6560,0.800000011920929,,,,,,,
242,,,,,,6560,,0.2125324010848999,0.676551342010498,,,,,
243,0.8218778371810913,0.8315789699554443,0.4549054503440857,0.738095223903656,0.9056603908538818,6587,0.8611111044883728,,,,,,,
243,,,,,,6587,,0.21222220361232758,0.6956677436828613,,,,,
244,0.7578616738319397,0.7684210538864136,0.4806573688983917,0.6666666865348816,0.849056601524353,6614,0.7777778506278992,,,,,,,
244,,,,,,6614,,0.20889124274253845,0.6828276515007019,,,,,
245,0.7911050915718079,0.800000011920929,0.40958020091056824,0.7142857313156128,0.8679245114326477,6641,0.8108107447624207,,,,,,,
245,,,,,,6641,,0.21599462628364563,0.6775506734848022,,,,,
246,0.8194069862365723,0.8315789699554443,0.44953009486198425,0.7142857313156128,0.9245282411575317,6668,0.8823529481887817,,,,,,,
246,,,,,,6668,,0.20787887275218964,0.6884654760360718,,,,,
247,0.8124438524246216,0.821052610874176,0.4503733515739441,0.738095223903656,0.8867924809455872,6695,0.8378377556800842,,,,,,,
247,,,,,,6695,,0.21340037882328033,0.6846197843551636,,,,,
248,0.8218778371810913,0.8315789699554443,0.4308045506477356,0.738095223903656,0.9056603908538818,6722,0.8611111044883728,,,,,,,
248,,,,,,6722,,0.20172104239463806,0.684097170829773,,,,,
249,0.8194069862365723,0.8315789699554443,0.5255682468414307,0.7142857313156128,0.9245282411575317,6749,0.8823529481887817,,,,,,,
249,,,,,,6749,,0.21095916628837585,0.6898981332778931,,,,,
250,0.7911050915718079,0.800000011920929,0.46340686082839966,0.7142857313156128,0.8679245114326477,6776,0.8108107447624207,,,,,,,
250,,,,,,6776,,0.2156374156475067,0.6918094158172607,,,,,
251,0.7861635684967041,0.800000011920929,0.4784061908721924,0.6666666865348816,0.9056603908538818,6803,0.8484848737716675,,,,,,,
251,,,,,,6803,,0.21071387827396393,0.6799118518829346,,,,,
252,0.7861635684967041,0.800000011920929,0.46519050002098083,0.6666666865348816,0.9056603908538818,6830,0.8484848737716675,,,,,,,
252,,,,,,6830,,0.216526061296463,0.6815535426139832,,,,,
253,0.8218778371810913,0.8315789699554443,0.5541741847991943,0.738095223903656,0.9056603908538818,6857,0.8611111044883728,,,,,,,
253,,,,,,6857,,0.20754843950271606,0.6812679171562195,,,,,
254,0.8005390167236328,0.8105263113975525,0.5383338928222656,0.7142857313156128,0.8867924809455872,6884,0.8333333134651184,,,,,,,
254,,,,,,6884,,0.21804477274417877,0.6717297434806824,,,,,
255,0.7697663903236389,0.7789473533630371,0.5754996538162231,0.6904761791229248,0.849056601524353,6911,0.7837837338447571,,,,,,,
255,,,,,,6911,,0.21356971561908722,0.6773415803909302,,,,,
256,0.8050314784049988,0.821052610874176,0.5463029146194458,0.6666666865348816,0.9433962106704712,6938,0.9032257795333862,,,,,,,
256,,,,,,6938,,0.20511819422245026,0.6704534888267517,,,,,
257,0.8050314784049988,0.821052610874176,0.4615568518638611,0.6666666865348816,0.9433962106704712,6965,0.9032257795333862,,,,,,,
257,,,,,,6965,,0.2175789475440979,0.6787697076797485,,,,,
258,0.795597493648529,0.8105263113975525,0.5405384302139282,0.6666666865348816,0.9245282411575317,6992,0.875,,,,,,,
258,,,,,,6992,,0.20156842470169067,0.6735132932662964,,,,,
259,0.7886343002319336,0.800000011920929,0.43342316150665283,0.6904761791229248,0.8867924809455872,7019,0.8285714387893677,,,,,,,
259,,,,,,7019,,0.21036751568317413,0.6818835735321045,,,,,
260,0.8005390167236328,0.8105263113975525,0.6081923246383667,0.7142857313156128,0.8867924809455872,7046,0.8333333134651184,,,,,,,
260,,,,,,7046,,0.2082352340221405,0.6946239471435547,,,,,
261,0.8194069862365723,0.8315789699554443,0.5032786726951599,0.7142857313156128,0.9245282411575317,7073,0.8823529481887817,,,,,,,
261,,,,,,7073,,0.2137862592935562,0.6859986186027527,,,,,
262,0.7980683445930481,0.8105263113975525,0.4784443974494934,0.6904761791229248,0.9056603908538818,7100,0.8529411554336548,,,,,,,
262,,,,,,7100,,0.211311474442482,0.6805636286735535,,,,,
263,0.8005390167236328,0.8105263113975525,0.4569823145866394,0.7142857313156128,0.8867924809455872,7127,0.8333333134651184,,,,,,,
263,,,,,,7127,,0.21163924038410187,0.6732484698295593,,,,,
264,0.8005390167236328,0.8105263113975525,0.44664934277534485,0.7142857313156128,0.8867924809455872,7154,0.8333333134651184,,,,,,,
264,,,,,,7154,,0.21022644639015198,0.6830894351005554,,,,,
265,0.8099730610847473,0.821052610874176,0.5276944637298584,0.7142857313156128,0.9056603908538818,7181,0.8571428656578064,,,,,,,
265,,,,,,7181,,0.21235652267932892,0.6870336532592773,,,,,
266,0.7980683445930481,0.8105263113975525,0.4146097004413605,0.6904761791229248,0.9056603908538818,7208,0.8529411554336548,,,,,,,
266,,,,,,7208,,0.21305163204669952,0.6751146912574768,,,,,
267,0.7792003154754639,0.7894737124443054,0.5008637309074402,0.6904761791229248,0.8679245114326477,7235,0.8055555820465088,,,,,,,
267,,,,,,7235,,0.20754598081111908,0.6895948052406311,,,,,
268,0.7792003154754639,0.7894737124443054,0.43630677461624146,0.6904761791229248,0.8679245114326477,7262,0.8055555820465088,,,,,,,
268,,,,,,7262,,0.20308488607406616,0.6753251552581787,,,,,
269,0.8005390167236328,0.8105263113975525,0.4454786479473114,0.7142857313156128,0.8867924809455872,7289,0.8333333134651184,,,,,,,
269,,,,,,7289,,0.20454725623130798,0.6811376810073853,,,,,
270,0.7980683445930481,0.8105263113975525,0.4345490634441376,0.6904761791229248,0.9056603908538818,7316,0.8529411554336548,,,,,,,
270,,,,,,7316,,0.2107703685760498,0.6805378794670105,,,,,
271,0.8218778371810913,0.8315789699554443,0.46793681383132935,0.738095223903656,0.9056603908538818,7343,0.8611111044883728,,,,,,,
271,,,,,,7343,,0.20745797455310822,0.6627066135406494,,,,,
272,0.8005390167236328,0.8105263113975525,0.49671101570129395,0.7142857313156128,0.8867924809455872,7370,0.8333333134651184,,,,,,,
272,,,,,,7370,,0.21751242876052856,0.6815113425254822,,,,,
273,0.7792003154754639,0.7894737124443054,0.45155471563339233,0.6904761791229248,0.8679245114326477,7397,0.8055555820465088,,,,,,,
273,,,,,,7397,,0.2086651772260666,0.6812008023262024,,,,,
274,0.7980683445930481,0.8105263113975525,0.4605506360530853,0.6904761791229248,0.9056603908538818,7424,0.8529411554336548,,,,,,,
274,,,,,,7424,,0.21120907366275787,0.6881046891212463,,,,,
275,0.8075022101402283,0.821052610874176,0.4903542101383209,0.6904761791229248,0.9245282411575317,7451,0.8787878751754761,,,,,,,
275,,,,,,7451,,0.20608195662498474,0.682906985282898,,,,,
276,0.8099730610847473,0.821052610874176,0.46331551671028137,0.7142857313156128,0.9056603908538818,7478,0.8571428656578064,,,,,,,
276,,,,,,7478,,0.20464181900024414,0.6859071254730225,,,,,
277,0.8075022101402283,0.821052610874176,0.45277801156044006,0.6904761791229248,0.9245282411575317,7505,0.8787878751754761,,,,,,,
277,,,,,,7505,,0.2189662903547287,0.6893174052238464,,,,,
278,0.8194069862365723,0.8315789699554443,0.46866321563720703,0.7142857313156128,0.9245282411575317,7532,0.8823529481887817,,,,,,,
278,,,,,,7532,,0.20932181179523468,0.6853495836257935,,,,,
279,0.8075022101402283,0.821052610874176,0.46661871671676636,0.6904761791229248,0.9245282411575317,7559,0.8787878751754761,,,,,,,
279,,,,,,7559,,0.2114538997411728,0.6778653860092163,,,,,
280,0.8075022101402283,0.821052610874176,0.4267183840274811,0.6904761791229248,0.9245282411575317,7586,0.8787878751754761,,,,,,,
280,,,,,,7586,,0.2067047506570816,0.6863132119178772,,,,,
281,0.7980683445930481,0.8105263113975525,0.4725315570831299,0.6904761791229248,0.9056603908538818,7613,0.8529411554336548,,,,,,,
281,,,,,,7613,,0.20742617547512054,0.6810466647148132,,,,,
282,0.7886343002319336,0.800000011920929,0.5438598990440369,0.6904761791229248,0.8867924809455872,7640,0.8285714387893677,,,,,,,
282,,,,,,7640,,0.2100703865289688,0.684410810470581,,,,,
283,0.7980683445930481,0.8105263113975525,0.5377168655395508,0.6904761791229248,0.9056603908538818,7667,0.8529411554336548,,,,,,,
283,,,,,,7667,,0.20429742336273193,0.6677272319793701,,,,,
284,0.7911050915718079,0.800000011920929,0.48542413115501404,0.7142857313156128,0.8679245114326477,7694,0.8108107447624207,,,,,,,
284,,,,,,7694,,0.20010581612586975,0.6711498498916626,,,,,
285,0.8218778371810913,0.8315789699554443,0.41597726941108704,0.738095223903656,0.9056603908538818,7721,0.8611111044883728,,,,,,,
285,,,,,,7721,,0.2068561613559723,0.6864672899246216,,,,,
286,0.828840970993042,0.8421052694320679,0.4947240650653839,0.7142857313156128,0.9433962106704712,7748,0.9090909361839294,,,,,,,
286,,,,,,7748,,0.20113439857959747,0.6774787902832031,,,,,
287,0.831311821937561,0.8421052694320679,0.446363240480423,0.738095223903656,0.9245282411575317,7775,0.8857142925262451,,,,,,,
287,,,,,,7775,,0.21144495904445648,0.6935341358184814,,,,,
288,0.831311821937561,0.8421052694320679,0.5105888843536377,0.738095223903656,0.9245282411575317,7802,0.8857142925262451,,,,,,,
288,,,,,,7802,,0.21160605549812317,0.685427188873291,,,,,
289,0.8005390167236328,0.8105263113975525,0.4215914011001587,0.7142857313156128,0.8867924809455872,7829,0.8333333134651184,,,,,,,
289,,,,,,7829,,0.20401929318904877,0.6811932325363159,,,,,
290,0.8194069862365723,0.8315789699554443,0.44665762782096863,0.7142857313156128,0.9245282411575317,7856,0.8823529481887817,,,,,,,
290,,,,,,7856,,0.2069719433784485,0.6861433386802673,,,,,
291,0.795597493648529,0.8105263113975525,0.4732210338115692,0.6666666865348816,0.9245282411575317,7883,0.875,,,,,,,
291,,,,,,7883,,0.2109985053539276,0.7009488344192505,,,,,
292,0.7861635684967041,0.800000011920929,0.5050399303436279,0.6666666865348816,0.9056603908538818,7910,0.8484848737716675,,,,,,,
292,,,,,,7910,,0.2008153200149536,0.6805716753005981,,,,,
293,0.795597493648529,0.8105263113975525,0.38278645277023315,0.6666666865348816,0.9245282411575317,7937,0.875,,,,,,,
293,,,,,,7937,,0.20127268135547638,0.6892582774162292,,,,,
294,0.8099730610847473,0.821052610874176,0.4519800543785095,0.7142857313156128,0.9056603908538818,7964,0.8571428656578064,,,,,,,
294,,,,,,7964,,0.20927448570728302,0.6852710247039795,,,,,
295,0.8099730610847473,0.821052610874176,0.4527619481086731,0.7142857313156128,0.9056603908538818,7991,0.8571428656578064,,,,,,,
295,,,,,,7991,,0.20028945803642273,0.683316707611084,,,,,
296,0.8218778371810913,0.8315789699554443,0.48055320978164673,0.738095223903656,0.9056603908538818,8018,0.8611111044883728,,,,,,,
296,,,,,,8018,,0.20630177855491638,0.7038137912750244,,,,,
297,0.8194069862365723,0.8315789699554443,0.600968062877655,0.7142857313156128,0.9245282411575317,8045,0.8823529481887817,,,,,,,
297,,,,,,8045,,0.20497862994670868,0.6762673854827881,,,,,
298,0.8099730610847473,0.821052610874176,0.4832649528980255,0.7142857313156128,0.9056603908538818,8072,0.8571428656578064,,,,,,,
298,,,,,,8072,,0.2035226970911026,0.6835429072380066,,,,,
299,0.8099730610847473,0.821052610874176,0.49252864718437195,0.7142857313156128,0.9056603908538818,8099,0.8571428656578064,,,,,,,
299,,,,,,8099,,0.2009594738483429,0.6794704794883728,,,,,
300,,,,,,8100,,,,0.822698175907135,0.9242424368858337,0.7211538553237915,0.8347457647323608,0.8823529481887817
300,,,,,,8100,,,,0.8237179517745972,0.9166666865348816,0.7307692170143127,0.8347457647323608,0.8735632300376892
300,,,,,,8100,,,,0.8020104765892029,0.8636364340782166,0.7403846383094788,0.8093220591545105,0.8105263113975525
